CTPRVN_NM,SIGNGU_NM,SIGNGU_CD,SCCNT_YM,FCLTY_CL_NM,FCLTY_CO,SEARCH_CO,FILE_NM,BASE_DE
서울특별시,종로구,1111000000,20230119,공공도서관,6,2689,KC_597_DGT_CLT_STATN_BIZAEA_2022,20221231
서울특별시,종로구,1111000000,20230119,박물관,23,41022,KC_597_DGT_CLT_STATN_BIZAEA_2022,20221231
서울특별시,종로구,1111000000,20230119,미술관,15,135923,KC_597_DGT_CLT_STATN_BIZAEA_2022,20221231
서울특별시,중구,1114000000,20230119,문예회관,1,79526,KC_597_DGT_CLT_STATN_BIZAEA_2022,20221231
서울특별시,중구,1114000000,20230119,공공도서관,3,6,KC_597_DGT_CLT_STATN_BIZAEA_2022,20221231
서울특별시,중구,1114000000,20230119,박물관,11,3394,KC_597_DGT_CLT_STATN_BIZAEA_2022,20221231
서울특별시,중구,1114000000,20230119,미술관,2,15503,KC_597_DGT_CLT_STATN_BIZAEA_2022,20221231
서울특별시,용산구,1117000000,20230119,문예회관,1,2312,KC_597_DGT_CLT_STATN_BIZAEA_2022,20221231
서울특별시,용산구,1117000000,20230119,공공도서관,4,22886,KC_597_DGT_CLT_STATN_BIZAEA_2022,20221231
서울특별시,용산구,1117000000,20230119,박물관,7,429133,KC_597_DGT_CLT_STATN_BIZAEA_2022,20221231
서울특별시,용산구,1117000000,20230119,미술관,2,694,KC_597_DGT_CLT_STATN_BIZAEA_2022,20221231
서울특별시,성동구,1120000000,20230119,공공도서관,6,2528,KC_597_DGT_CLT_STATN_BIZAEA_2022,20221231
서울특별시,성동구,1120000000,20230119,박물관,3,2613,KC_597_DGT_CLT_STATN_BIZAEA_2022,20221231
서울특별시,성동구,1120000000,20230119,미술관,2,1362,KC_597_DGT_CLT_STATN_BIZAEA_2022,20221231
서울특별시,광진구,1121500000,20230119,문예회관,1,4877,KC_597_DGT_CLT_STATN_BIZAEA_2022,20221231
서울특별시,광진구,1121500000,20230119,공공도서관,4,26894,KC_597_DGT_CLT_STATN_BIZAEA_2022,20221231
서울특별시,광진구,1121500000,20230119,박물관,1,67778,KC_597_DGT_CLT_STATN_BIZAEA_2022,20221231
서울특별시,동대문구,1123000000,20230119,공공도서관,4,11096,KC_597_DGT_CLT_STATN_BIZAEA_2022,20221231
서울특별시,동대문구,1123000000,20230119,박물관,4,358,KC_597_DGT_CLT_STATN_BIZAEA_2022,20221231
서울특별시,중랑구,1126000000,20230119,공공도서관,3,899,KC_597_DGT_CLT_STATN_BIZAEA_2022,20221231
서울특별시,성북구,1129000000,20230119,공공도서관,9,3198,KC_597_DGT_CLT_STATN_BIZAEA_2022,20221231
서울특별시,성북구,1129000000,20230119,박물관,5,212,KC_597_DGT_CLT_STATN_BIZAEA_2022,20221231
서울특별시,성북구,1129000000,20230119,미술관,1,3549,KC_597_DGT_CLT_STATN_BIZAEA_2022,20221231
서울특별시,강북구,1130500000,20230119,공공도서관,7,28627,KC_597_DGT_CLT_STATN_BIZAEA_2022,20221231
서울특별시,도봉구,1132000000,20230119,공공도서관,5,10270,KC_597_DGT_CLT_STATN_BIZAEA_2022,20221231
서울특별시,도봉구,1132000000,20230119,박물관,2,20352,KC_597_DGT_CLT_STATN_BIZAEA_2022,20221231
서울특별시,노원구,1135000000,20230119,공공도서관,5,6312,KC_597_DGT_CLT_STATN_BIZAEA_2022,20221231
서울특별시,노원구,1135000000,20230119,박물관,1,790,KC_597_DGT_CLT_STATN_BIZAEA_2022,20221231
서울특별시,은평구,1138000000,20230119,공공도서관,5,5208,KC_597_DGT_CLT_STATN_BIZAEA_2022,20221231
서울특별시,은평구,1138000000,20230119,박물관,1,1910,KC_597_DGT_CLT_STATN_BIZAEA_2022,20221231
서울특별시,은평구,1138000000,20230119,미술관,1,8131,KC_597_DGT_CLT_STATN_BIZAEA_2022,20221231
서울특별시,서대문구,1141000000,20230119,공공도서관,2,12569,KC_597_DGT_CLT_STATN_BIZAEA_2022,20221231
서울특별시,서대문구,1141000000,20230119,박물관,5,61852,KC_597_DGT_CLT_STATN_BIZAEA_2022,20221231
서울특별시,마포구,1144000000,20230119,문예회관,1,61845,KC_597_DGT_CLT_STATN_BIZAEA_2022,20221231
서울특별시,마포구,1144000000,20230119,공공도서관,5,2561,KC_597_DGT_CLT_STATN_BIZAEA_2022,20221231
서울특별시,마포구,1144000000,20230119,박물관,4,1259,KC_597_DGT_CLT_STATN_BIZAEA_2022,20221231
서울특별시,양천구,1147000000,20230119,공공도서관,3,25214,KC_597_DGT_CLT_STATN_BIZAEA_2022,20221231
서울특별시,강서구,1150000000,20230119,공공도서관,6,14728,KC_597_DGT_CLT_STATN_BIZAEA_2022,20221231
서울특별시,강서구,1150000000,20230119,박물관,1,8157,KC_597_DGT_CLT_STATN_BIZAEA_2022,20221231
서울특별시,강서구,1150000000,20230119,미술관,1,5006,KC_597_DGT_CLT_STATN_BIZAEA_2022,20221231
서울특별시,구로구,1153000000,20230119,공공도서관,9,11962,KC_597_DGT_CLT_STATN_BIZAEA_2022,20221231
서울특별시,구로구,1153000000,20230119,박물관,1,107,KC_597_DGT_CLT_STATN_BIZAEA_2022,20221231
서울특별시,금천구,1154500000,20230119,문예회관,1,4869,KC_597_DGT_CLT_STATN_BIZAEA_2022,20221231
서울특별시,금천구,1154500000,20230119,공공도서관,4,1346,KC_597_DGT_CLT_STATN_BIZAEA_2022,20221231
서울특별시,영등포구,1156000000,20230119,문예회관,1,1967,KC_597_DGT_CLT_STATN_BIZAEA_2022,20221231
서울특별시,영등포구,1156000000,20230119,공공도서관,1,1824,KC_597_DGT_CLT_STATN_BIZAEA_2022,20221231
서울특별시,영등포구,1156000000,20230119,박물관,2,230,KC_597_DGT_CLT_STATN_BIZAEA_2022,20221231
서울특별시,동작구,1159000000,20230119,공공도서관,4,21967,KC_597_DGT_CLT_STATN_BIZAEA_2022,20221231
서울특별시,동작구,1159000000,20230119,박물관,1,107,KC_597_DGT_CLT_STATN_BIZAEA_2022,20221231
서울특별시,관악구,1162000000,20230119,공공도서관,4,1900,KC_597_DGT_CLT_STATN_BIZAEA_2022,20221231
서울특별시,관악구,1162000000,20230119,박물관,1,747,KC_597_DGT_CLT_STATN_BIZAEA_2022,20221231
서울특별시,서초구,1165000000,20230119,공공도서관,4,6231,KC_597_DGT_CLT_STATN_BIZAEA_2022,20221231
서울특별시,서초구,1165000000,20230119,박물관,1,998,KC_597_DGT_CLT_STATN_BIZAEA_2022,20221231
서울특별시,서초구,1165000000,20230119,미술관,4,94,KC_597_DGT_CLT_STATN_BIZAEA_2022,20221231
서울특별시,강남구,1168000000,20230119,공공도서관,11,11227,KC_597_DGT_CLT_STATN_BIZAEA_2022,20221231
서울특별시,강남구,1168000000,20230119,박물관,3,658,KC_597_DGT_CLT_STATN_BIZAEA_2022,20221231
서울특별시,강남구,1168000000,20230119,미술관,4,22279,KC_597_DGT_CLT_STATN_BIZAEA_2022,20221231
서울특별시,송파구,1171000000,20230119,공공도서관,10,715,KC_597_DGT_CLT_STATN_BIZAEA_2022,20221231
서울특별시,송파구,1171000000,20230119,박물관,3,14056,KC_597_DGT_CLT_STATN_BIZAEA_2022,20221231
서울특별시,송파구,1171000000,20230119,미술관,2,14675,KC_597_DGT_CLT_STATN_BIZAEA_2022,20221231
서울특별시,강동구,1174000000,20230119,문예회관,1,13817,KC_597_DGT_CLT_STATN_BIZAEA_2022,20221231
서울특별시,강동구,1174000000,20230119,공공도서관,7,12209,KC_597_DGT_CLT_STATN_BIZAEA_2022,20221231
서울특별시,강동구,1174000000,20230119,박물관,1,17,KC_597_DGT_CLT_STATN_BIZAEA_2022,20221231
부산광역시,중구,2611000000,20230119,공공도서관,1,3613,KC_597_DGT_CLT_STATN_BIZAEA_2022,20221231
부산광역시,중구,2611000000,20230119,박물관,2,1834,KC_597_DGT_CLT_STATN_BIZAEA_2022,20221231
부산광역시,중구,2611000000,20230119,미술관,1,17,KC_597_DGT_CLT_STATN_BIZAEA_2022,20221231
부산광역시,서구,2614000000,20230119,공공도서관,1,2545,KC_597_DGT_CLT_STATN_BIZAEA_2022,20221231
부산광역시,서구,2614000000,20230119,박물관,1,1540,KC_597_DGT_CLT_STATN_BIZAEA_2022,20221231
부산광역시,동구,2617000000,20230119,공공도서관,2,261,KC_597_DGT_CLT_STATN_BIZAEA_2022,20221231
부산광역시,영도구,2620000000,20230119,공공도서관,2,10562,KC_597_DGT_CLT_STATN_BIZAEA_2022,20221231
부산광역시,영도구,2620000000,20230119,박물관,2,30199,KC_597_DGT_CLT_STATN_BIZAEA_2022,20221231
부산광역시,부산진구,2623000000,20230119,공공도서관,4,7080,KC_597_DGT_CLT_STATN_BIZAEA_2022,20221231
부산광역시,부산진구,2623000000,20230119,박물관,2,187,KC_597_DGT_CLT_STATN_BIZAEA_2022,20221231
부산광역시,동래구,2626000000,20230119,공공도서관,3,2392,KC_597_DGT_CLT_STATN_BIZAEA_2022,20221231
부산광역시,동래구,2626000000,20230119,박물관,3,3036,KC_597_DGT_CLT_STATN_BIZAEA_2022,20221231
부산광역시,남구,2629000000,20230119,공공도서관,1,10029,KC_597_DGT_CLT_STATN_BIZAEA_2022,20221231
부산광역시,남구,2629000000,20230119,박물관,4,4328,KC_597_DGT_CLT_STATN_BIZAEA_2022,20221231
부산광역시,북구,2632000000,20230119,공공도서관,4,4932,KC_597_DGT_CLT_STATN_BIZAEA_2022,20221231
부산광역시,해운대구,2635000000,20230119,문예회관,1,29829,KC_597_DGT_CLT_STATN_BIZAEA_2022,20221231
부산광역시,해운대구,2635000000,20230119,공공도서관,6,1576,KC_597_DGT_CLT_STATN_BIZAEA_2022,20221231
부산광역시,해운대구,2635000000,20230119,미술관,2,6,KC_597_DGT_CLT_STATN_BIZAEA_2022,20221231
부산광역시,사하구,2638000000,20230119,공공도서관,2,2771,KC_597_DGT_CLT_STATN_BIZAEA_2022,20221231
부산광역시,사하구,2638000000,20230119,미술관,1,52908,KC_597_DGT_CLT_STATN_BIZAEA_2022,20221231
부산광역시,금정구,2641000000,20230119,공공도서관,2,1990,KC_597_DGT_CLT_STATN_BIZAEA_2022,20221231
부산광역시,금정구,2641000000,20230119,박물관,2,500,KC_597_DGT_CLT_STATN_BIZAEA_2022,20221231
부산광역시,금정구,2641000000,20230119,미술관,1,23,KC_597_DGT_CLT_STATN_BIZAEA_2022,20221231
부산광역시,강서구,2644000000,20230119,공공도서관,1,6360,KC_597_DGT_CLT_STATN_BIZAEA_2022,20221231
부산광역시,강서구,2644000000,20230119,박물관,1,72,KC_597_DGT_CLT_STATN_BIZAEA_2022,20221231
부산광역시,연제구,2647000000,20230119,공공도서관,2,3964,KC_597_DGT_CLT_STATN_BIZAEA_2022,20221231
부산광역시,수영구,2650000000,20230119,공공도서관,1,25613,KC_597_DGT_CLT_STATN_BIZAEA_2022,20221231
부산광역시,사상구,2653000000,20230119,공공도서관,1,11717,KC_597_DGT_CLT_STATN_BIZAEA_2022,20221231
부산광역시,사상구,2653000000,20230119,박물관,1,1045,KC_597_DGT_CLT_STATN_BIZAEA_2022,20221231
부산광역시,기장군,2671000000,20230119,공공도서관,5,10783,KC_597_DGT_CLT_STATN_BIZAEA_2022,20221231
부산광역시,기장군,2671000000,20230119,박물관,1,3616,KC_597_DGT_CLT_STATN_BIZAEA_2022,20221231
대구광역시,중구,2711000000,20230119,문예회관,1,15606,KC_597_DGT_CLT_STATN_BIZAEA_2022,20221231
대구광역시,중구,2711000000,20230119,공공도서관,2,1204,KC_597_DGT_CLT_STATN_BIZAEA_2022,20221231
대구광역시,중구,2711000000,20230119,박물관,4,306,KC_597_DGT_CLT_STATN_BIZAEA_2022,20221231
대구광역시,동구,2714000000,20230119,문예회관,1,9193,KC_597_DGT_CLT_STATN_BIZAEA_2022,20221231
대구광역시,동구,2714000000,20230119,공공도서관,4,4780,KC_597_DGT_CLT_STATN_BIZAEA_2022,20221231
대구광역시,동구,2714000000,20230119,박물관,3,464,KC_597_DGT_CLT_STATN_BIZAEA_2022,20221231
대구광역시,서구,2717000000,20230119,공공도서관,3,133,KC_597_DGT_CLT_STATN_BIZAEA_2022,20221231
대구광역시,남구,2720000000,20230119,문예회관,1,2463,KC_597_DGT_CLT_STATN_BIZAEA_2022,20221231
대구광역시,남구,2720000000,20230119,공공도서관,1,4047,KC_597_DGT_CLT_STATN_BIZAEA_2022,20221231
대구광역시,북구,2723000000,20230119,문예회관,2,2900,KC_597_DGT_CLT_STATN_BIZAEA_2022,20221231
대구광역시,북구,2723000000,20230119,공공도서관,6,6761,KC_597_DGT_CLT_STATN_BIZAEA_2022,20221231
대구광역시,북구,2723000000,20230119,박물관,2,610,KC_597_DGT_CLT_STATN_BIZAEA_2022,20221231
대구광역시,북구,2723000000,20230119,미술관,1,134,KC_597_DGT_CLT_STATN_BIZAEA_2022,20221231
대구광역시,수성구,2726000000,20230119,공공도서관,7,5372,KC_597_DGT_CLT_STATN_BIZAEA_2022,20221231
대구광역시,수성구,2726000000,20230119,박물관,1,12446,KC_597_DGT_CLT_STATN_BIZAEA_2022,20221231
대구광역시,수성구,2726000000,20230119,미술관,1,119872,KC_597_DGT_CLT_STATN_BIZAEA_2022,20221231
대구광역시,달서구,2729000000,20230119,공공도서관,7,5973,KC_597_DGT_CLT_STATN_BIZAEA_2022,20221231
대구광역시,달서구,2729000000,20230119,박물관,1,68,KC_597_DGT_CLT_STATN_BIZAEA_2022,20221231
대구광역시,달성군,2771000000,20230119,문예회관,1,8068,KC_597_DGT_CLT_STATN_BIZAEA_2022,20221231
대구광역시,달성군,2771000000,20230119,공공도서관,3,2536,KC_597_DGT_CLT_STATN_BIZAEA_2022,20221231
인천광역시,중구,2811000000,20230119,공공도서관,3,1657,KC_597_DGT_CLT_STATN_BIZAEA_2022,20221231
인천광역시,중구,2811000000,20230119,박물관,9,2110,KC_597_DGT_CLT_STATN_BIZAEA_2022,20221231
인천광역시,동구,2814000000,20230119,공공도서관,1,4967,KC_597_DGT_CLT_STATN_BIZAEA_2022,20221231
인천광역시,동구,2814000000,20230119,박물관,1,4756,KC_597_DGT_CLT_STATN_BIZAEA_2022,20221231
인천광역시,미추홀구,2817700000,20230119,박물관,3,304,KC_597_DGT_CLT_STATN_BIZAEA_2022,20221231
인천광역시,연수구,2818500000,20230119,문예회관,1,1280,KC_597_DGT_CLT_STATN_BIZAEA_2022,20221231
인천광역시,연수구,2818500000,20230119,공공도서관,4,3824,KC_597_DGT_CLT_STATN_BIZAEA_2022,20221231
인천광역시,연수구,2818500000,20230119,박물관,1,702,KC_597_DGT_CLT_STATN_BIZAEA_2022,20221231
인천광역시,남동구,2820000000,20230119,문예회관,1,4904,KC_597_DGT_CLT_STATN_BIZAEA_2022,20221231
인천광역시,남구,2820000000,20230119,공공도서관,7,116,KC_597_DGT_CLT_STATN_BIZAEA_2022,20221231
인천광역시,남동구,2820000000,20230119,공공도서관,3,10722,KC_597_DGT_CLT_STATN_BIZAEA_2022,20221231
인천광역시,남동구,2820000000,20230119,박물관,3,866,KC_597_DGT_CLT_STATN_BIZAEA_2022,20221231
인천광역시,부평구,2823700000,20230119,문예회관,1,9999,KC_597_DGT_CLT_STATN_BIZAEA_2022,20221231
인천광역시,부평구,2823700000,20230119,공공도서관,6,842,KC_597_DGT_CLT_STATN_BIZAEA_2022,20221231
인천광역시,부평구,2823700000,20230119,박물관,2,1983,KC_597_DGT_CLT_STATN_BIZAEA_2022,20221231
인천광역시,계양구,2824500000,20230119,공공도서관,4,4338,KC_597_DGT_CLT_STATN_BIZAEA_2022,20221231
인천광역시,서구,2826000000,20230119,공공도서관,5,9602,KC_597_DGT_CLT_STATN_BIZAEA_2022,20221231
인천광역시,서구,2826000000,20230119,박물관,2,2046,KC_597_DGT_CLT_STATN_BIZAEA_2022,20221231
인천광역시,강화군,2871000000,20230119,공공도서관,2,1407,KC_597_DGT_CLT_STATN_BIZAEA_2022,20221231
인천광역시,강화군,2871000000,20230119,박물관,3,3509,KC_597_DGT_CLT_STATN_BIZAEA_2022,20221231
인천광역시,강화군,2871000000,20230119,미술관,3,302,KC_597_DGT_CLT_STATN_BIZAEA_2022,20221231
인천광역시,옹진군,2872000000,20230119,공공도서관,1,40,KC_597_DGT_CLT_STATN_BIZAEA_2022,20221231
광주광역시,동구,2911000000,20230119,문예회관,1,2358,KC_597_DGT_CLT_STATN_BIZAEA_2022,20221231
광주광역시,동구,2911000000,20230119,공공도서관,3,10822,KC_597_DGT_CLT_STATN_BIZAEA_2022,20221231
광주광역시,동구,2911000000,20230119,박물관,2,378,KC_597_DGT_CLT_STATN_BIZAEA_2022,20221231
광주광역시,동구,2911000000,20230119,미술관,7,227,KC_597_DGT_CLT_STATN_BIZAEA_2022,20221231
광주광역시,서구,2914000000,20230119,문예회관,1,2071,KC_597_DGT_CLT_STATN_BIZAEA_2022,20221231
광주광역시,서구,2914000000,20230119,공공도서관,3,2307,KC_597_DGT_CLT_STATN_BIZAEA_2022,20221231
광주광역시,남구,2915500000,20230119,공공도서관,4,2243,KC_597_DGT_CLT_STATN_BIZAEA_2022,20221231
광주광역시,남구,2915500000,20230119,박물관,1,573,KC_597_DGT_CLT_STATN_BIZAEA_2022,20221231
광주광역시,북구,2917000000,20230119,공공도서관,4,753,KC_597_DGT_CLT_STATN_BIZAEA_2022,20221231
광주광역시,북구,2917000000,20230119,박물관,6,9501,KC_597_DGT_CLT_STATN_BIZAEA_2022,20221231
광주광역시,광산구,2920000000,20230119,공공도서관,6,2445,KC_597_DGT_CLT_STATN_BIZAEA_2022,20221231
대전광역시,동구,3011000000,20230119,공공도서관,6,15647,KC_597_DGT_CLT_STATN_BIZAEA_2022,20221231
대전광역시,동구,3011000000,20230119,박물관,3,1991,KC_597_DGT_CLT_STATN_BIZAEA_2022,20221231
대전광역시,중구,3014000000,20230119,공공도서관,2,1954,KC_597_DGT_CLT_STATN_BIZAEA_2022,20221231
대전광역시,중구,3014000000,20230119,박물관,1,644,KC_597_DGT_CLT_STATN_BIZAEA_2022,20221231
대전광역시,서구,3017000000,20230119,문예회관,1,32959,KC_597_DGT_CLT_STATN_BIZAEA_2022,20221231
대전광역시,서구,3017000000,20230119,공공도서관,4,9480,KC_597_DGT_CLT_STATN_BIZAEA_2022,20221231
대전광역시,서구,3017000000,20230119,미술관,2,17860,KC_597_DGT_CLT_STATN_BIZAEA_2022,20221231
대전광역시,유성구,3020000000,20230119,공공도서관,6,9559,KC_597_DGT_CLT_STATN_BIZAEA_2022,20221231
대전광역시,유성구,3020000000,20230119,박물관,2,1653,KC_597_DGT_CLT_STATN_BIZAEA_2022,20221231
대전광역시,유성구,3020000000,20230119,미술관,2,102,KC_597_DGT_CLT_STATN_BIZAEA_2022,20221231
대전광역시,대덕구,3023000000,20230119,박물관,2,4,KC_597_DGT_CLT_STATN_BIZAEA_2022,20221231
울산광역시,중구,3111000000,20230119,문예회관,1,1091,KC_597_DGT_CLT_STATN_BIZAEA_2022,20221231
울산광역시,중구,3111000000,20230119,공공도서관,2,6440,KC_597_DGT_CLT_STATN_BIZAEA_2022,20221231
울산광역시,중구,3111000000,20230119,박물관,1,603,KC_597_DGT_CLT_STATN_BIZAEA_2022,20221231
울산광역시,남구,3114000000,20230119,공공도서관,3,14657,KC_597_DGT_CLT_STATN_BIZAEA_2022,20221231
울산광역시,남구,3114000000,20230119,박물관,3,10153,KC_597_DGT_CLT_STATN_BIZAEA_2022,20221231
울산광역시,동구,3117000000,20230119,공공도서관,1,9732,KC_597_DGT_CLT_STATN_BIZAEA_2022,20221231
울산광역시,북구,3120000000,20230119,공공도서관,7,1147,KC_597_DGT_CLT_STATN_BIZAEA_2022,20221231
울산광역시,울주군,3171000000,20230119,공공도서관,3,7721,KC_597_DGT_CLT_STATN_BIZAEA_2022,20221231
울산광역시,울주군,3171000000,20230119,박물관,5,683,KC_597_DGT_CLT_STATN_BIZAEA_2022,20221231
세종특별자치시,세종시,3600000000,20230119,공공도서관,4,3879,KC_597_DGT_CLT_STATN_BIZAEA_2022,20221231
세종특별자치시,세종,3600000000,20230119,박물관,6,468,KC_597_DGT_CLT_STATN_BIZAEA_2022,20221231
세종특별자치시,세종시,3600000000,20230119,박물관,1,517,KC_597_DGT_CLT_STATN_BIZAEA_2022,20221231
경기도,수원시,4111000000,20230119,공공도서관,12,355,KC_597_DGT_CLT_STATN_BIZAEA_2022,20221231
경기도,수원시,4111000000,20230119,박물관,5,1502,KC_597_DGT_CLT_STATN_BIZAEA_2022,20221231
경기도,수원시 팔달구,4111500000,20230119,미술관,2,10262,KC_597_DGT_CLT_STATN_BIZAEA_2022,20221231
경기도,수원시 영통구,4111700000,20230119,박물관,1,130,KC_597_DGT_CLT_STATN_BIZAEA_2022,20221231
경기도,성남시,4113000000,20230119,공공도서관,12,1234,KC_597_DGT_CLT_STATN_BIZAEA_2022,20221231
경기도,성남시,4113000000,20230119,박물관,1,3073,KC_597_DGT_CLT_STATN_BIZAEA_2022,20221231
경기도,성남시 수정구,4113100000,20230119,미술관,1,44,KC_597_DGT_CLT_STATN_BIZAEA_2022,20221231
경기도,성남시 분당구,4113500000,20230119,문예회관,1,44585,KC_597_DGT_CLT_STATN_BIZAEA_2022,20221231
경기도,성남시 분당구,4113500000,20230119,미술관,1,2,KC_597_DGT_CLT_STATN_BIZAEA_2022,20221231
경기도,의정부시,4115000000,20230119,문예회관,1,6327,KC_597_DGT_CLT_STATN_BIZAEA_2022,20221231
경기도,의정부시,4115000000,20230119,공공도서관,2,16078,KC_597_DGT_CLT_STATN_BIZAEA_2022,20221231
경기도,안양시,4117000000,20230119,공공도서관,10,2843,KC_597_DGT_CLT_STATN_BIZAEA_2022,20221231
경기도,안양시,4117000000,20230119,박물관,3,776,KC_597_DGT_CLT_STATN_BIZAEA_2022,20221231
경기도,안양시 만안구,4117100000,20230119,문예회관,1,6176,KC_597_DGT_CLT_STATN_BIZAEA_2022,20221231
경기도,안양시 동안구,4117300000,20230119,문예회관,1,5933,KC_597_DGT_CLT_STATN_BIZAEA_2022,20221231
경기도,부천시,4119000000,20230119,문예회관,2,7141,KC_597_DGT_CLT_STATN_BIZAEA_2022,20221231
경기도,부천시,4119000000,20230119,공공도서관,13,1133,KC_597_DGT_CLT_STATN_BIZAEA_2022,20221231
경기도,부천시,4119000000,20230119,박물관,3,262,KC_597_DGT_CLT_STATN_BIZAEA_2022,20221231
경기도,광명시,4121000000,20230119,공공도서관,4,517,KC_597_DGT_CLT_STATN_BIZAEA_2022,20221231
경기도,광명시,4121000000,20230119,박물관,1,489,KC_597_DGT_CLT_STATN_BIZAEA_2022,20221231
경기도,평택시,4122000000,20230119,공공도서관,5,2534,KC_597_DGT_CLT_STATN_BIZAEA_2022,20221231
경기도,동두천시,4125000000,20230119,공공도서관,2,1516,KC_597_DGT_CLT_STATN_BIZAEA_2022,20221231
경기도,동두천시,4125000000,20230119,박물관,1,970,KC_597_DGT_CLT_STATN_BIZAEA_2022,20221231
경기도,안산시,4127000000,20230119,공공도서관,13,895,KC_597_DGT_CLT_STATN_BIZAEA_2022,20221231
경기도,안산시,4127000000,20230119,박물관,2,507,KC_597_DGT_CLT_STATN_BIZAEA_2022,20221231
경기도,안산시 단원구,4127300000,20230119,문예회관,1,8386,KC_597_DGT_CLT_STATN_BIZAEA_2022,20221231
경기도,안산시 단원구,4127300000,20230119,미술관,2,94,KC_597_DGT_CLT_STATN_BIZAEA_2022,20221231
경기도,고양시,4128000000,20230119,공공도서관,15,2974,KC_597_DGT_CLT_STATN_BIZAEA_2022,20221231
경기도,고양시,4128000000,20230119,박물관,5,583,KC_597_DGT_CLT_STATN_BIZAEA_2022,20221231
경기도,고양시 덕양구,4128100000,20230119,문예회관,1,43752,KC_597_DGT_CLT_STATN_BIZAEA_2022,20221231
경기도,고양시 일산동구,4128500000,20230119,문예회관,1,20333,KC_597_DGT_CLT_STATN_BIZAEA_2022,20221231
경기도,과천시,4129000000,20230119,공공도서관,2,568,KC_597_DGT_CLT_STATN_BIZAEA_2022,20221231
경기도,과천시,4129000000,20230119,박물관,2,164,KC_597_DGT_CLT_STATN_BIZAEA_2022,20221231
경기도,과천시,4129000000,20230119,미술관,1,32148,KC_597_DGT_CLT_STATN_BIZAEA_2022,20221231
경기도,구리시,4131000000,20230119,문예회관,1,9237,KC_597_DGT_CLT_STATN_BIZAEA_2022,20221231
경기도,구리시,4131000000,20230119,공공도서관,3,21,KC_597_DGT_CLT_STATN_BIZAEA_2022,20221231
경기도,남양주시,4136000000,20230119,공공도서관,11,3259,KC_597_DGT_CLT_STATN_BIZAEA_2022,20221231
경기도,남양주시,4136000000,20230119,박물관,5,2639,KC_597_DGT_CLT_STATN_BIZAEA_2022,20221231
경기도,남양주시,4136000000,20230119,미술관,1,1982,KC_597_DGT_CLT_STATN_BIZAEA_2022,20221231
경기도,오산시,4137000000,20230119,공공도서관,5,28381,KC_597_DGT_CLT_STATN_BIZAEA_2022,20221231
경기도,오산시,4137000000,20230119,박물관,2,704,KC_597_DGT_CLT_STATN_BIZAEA_2022,20221231
경기도,시흥시,4139000000,20230119,공공도서관,10,722,KC_597_DGT_CLT_STATN_BIZAEA_2022,20221231
경기도,시흥시,4139000000,20230119,박물관,1,459,KC_597_DGT_CLT_STATN_BIZAEA_2022,20221231
경기도,군포시,4141000000,20230119,공공도서관,6,3326,KC_597_DGT_CLT_STATN_BIZAEA_2022,20221231
경기도,의왕시,4143000000,20230119,공공도서관,3,859,KC_597_DGT_CLT_STATN_BIZAEA_2022,20221231
경기도,의왕시,4143000000,20230119,박물관,2,15,KC_597_DGT_CLT_STATN_BIZAEA_2022,20221231
경기도,하남시,4145000000,20230119,공공도서관,3,737,KC_597_DGT_CLT_STATN_BIZAEA_2022,20221231
경기도,하남시,4145000000,20230119,박물관,1,2391,KC_597_DGT_CLT_STATN_BIZAEA_2022,20221231
경기도,용인시,4146000000,20230119,공공도서관,13,8336,KC_597_DGT_CLT_STATN_BIZAEA_2022,20221231
경기도,용인시,4146000000,20230119,박물관,7,18676,KC_597_DGT_CLT_STATN_BIZAEA_2022,20221231
경기도,용인시 처인구,4146100000,20230119,박물관,1,32,KC_597_DGT_CLT_STATN_BIZAEA_2022,20221231
경기도,용인시 처인구,4146100000,20230119,미술관,1,1018,KC_597_DGT_CLT_STATN_BIZAEA_2022,20221231
경기도,용인시 기흥구,4146300000,20230119,미술관,2,1445,KC_597_DGT_CLT_STATN_BIZAEA_2022,20221231
경기도,용인시 수지구,4146500000,20230119,문예회관,1,15396,KC_597_DGT_CLT_STATN_BIZAEA_2022,20221231
경기도,파주시,4148000000,20230119,문예회관,2,3718,KC_597_DGT_CLT_STATN_BIZAEA_2022,20221231
경기도,파주시,4148000000,20230119,공공도서관,11,8202,KC_597_DGT_CLT_STATN_BIZAEA_2022,20221231
경기도,파주시,4148000000,20230119,박물관,10,300,KC_597_DGT_CLT_STATN_BIZAEA_2022,20221231
경기도,파주시,4148000000,20230119,미술관,2,856,KC_597_DGT_CLT_STATN_BIZAEA_2022,20221231
경기도,이천시,4150000000,20230119,문예회관,1,6233,KC_597_DGT_CLT_STATN_BIZAEA_2022,20221231
경기도,이천시,4150000000,20230119,공공도서관,4,228,KC_597_DGT_CLT_STATN_BIZAEA_2022,20221231
경기도,이천시,4150000000,20230119,박물관,2,1487,KC_597_DGT_CLT_STATN_BIZAEA_2022,20221231
경기도,이천시,4150000000,20230119,미술관,1,402,KC_597_DGT_CLT_STATN_BIZAEA_2022,20221231
경기도,안성시,4155000000,20230119,문예회관,1,9257,KC_597_DGT_CLT_STATN_BIZAEA_2022,20221231
경기도,안성시,4155000000,20230119,공공도서관,5,867,KC_597_DGT_CLT_STATN_BIZAEA_2022,20221231
경기도,안성시,4155000000,20230119,박물관,2,711,KC_597_DGT_CLT_STATN_BIZAEA_2022,20221231
경기도,김포시,4157000000,20230119,문예회관,1,5372,KC_597_DGT_CLT_STATN_BIZAEA_2022,20221231
경기도,김포시,4157000000,20230119,박물관,1,130,KC_597_DGT_CLT_STATN_BIZAEA_2022,20221231
경기도,김포시,4157000000,20230119,미술관,2,1882,KC_597_DGT_CLT_STATN_BIZAEA_2022,20221231
경기도,화성시,4159000000,20230119,공공도서관,10,24311,KC_597_DGT_CLT_STATN_BIZAEA_2022,20221231
경기도,화성시,4159000000,20230119,미술관,1,877,KC_597_DGT_CLT_STATN_BIZAEA_2022,20221231
경기도,광주시,4161000000,20230119,문예회관,1,8426,KC_597_DGT_CLT_STATN_BIZAEA_2022,20221231
경기도,광주시,4161000000,20230119,공공도서관,5,3846,KC_597_DGT_CLT_STATN_BIZAEA_2022,20221231
경기도,광주시,4161000000,20230119,박물관,3,2968,KC_597_DGT_CLT_STATN_BIZAEA_2022,20221231
경기도,광주시,4161000000,20230119,미술관,1,1310,KC_597_DGT_CLT_STATN_BIZAEA_2022,20221231
경기도,양주시,4163000000,20230119,공공도서관,7,1354,KC_597_DGT_CLT_STATN_BIZAEA_2022,20221231
경기도,양주시,4163000000,20230119,미술관,2,1098,KC_597_DGT_CLT_STATN_BIZAEA_2022,20221231
경기도,포천시,4165000000,20230119,문예회관,1,1493,KC_597_DGT_CLT_STATN_BIZAEA_2022,20221231
경기도,포천시,4165000000,20230119,공공도서관,5,125,KC_597_DGT_CLT_STATN_BIZAEA_2022,20221231
경기도,포천시,4165000000,20230119,박물관,3,578,KC_597_DGT_CLT_STATN_BIZAEA_2022,20221231
경기도,여주시,4167000000,20230119,문예회관,1,693,KC_597_DGT_CLT_STATN_BIZAEA_2022,20221231
경기도,여주시,4167000000,20230119,공공도서관,3,773,KC_597_DGT_CLT_STATN_BIZAEA_2022,20221231
경기도,여주시,4167000000,20230119,박물관,6,57,KC_597_DGT_CLT_STATN_BIZAEA_2022,20221231
경기도,연천군,4180000000,20230119,문예회관,1,1832,KC_597_DGT_CLT_STATN_BIZAEA_2022,20221231
경기도,연천군,4180000000,20230119,공공도서관,2,50,KC_597_DGT_CLT_STATN_BIZAEA_2022,20221231
경기도,연천군,4180000000,20230119,박물관,1,6607,KC_597_DGT_CLT_STATN_BIZAEA_2022,20221231
경기도,가평군,4182000000,20230119,공공도서관,3,260,KC_597_DGT_CLT_STATN_BIZAEA_2022,20221231
경기도,가평군,4182000000,20230119,미술관,1,2,KC_597_DGT_CLT_STATN_BIZAEA_2022,20221231
경기도,양평군,4183000000,20230119,공공도서관,3,25,KC_597_DGT_CLT_STATN_BIZAEA_2022,20221231
경기도,양평군,4183000000,20230119,박물관,5,346,KC_597_DGT_CLT_STATN_BIZAEA_2022,20221231
경기도,양평군,4183000000,20230119,미술관,1,4772,KC_597_DGT_CLT_STATN_BIZAEA_2022,20221231
강원도,춘천시,4211000000,20230119,공공도서관,8,641,KC_597_DGT_CLT_STATN_BIZAEA_2022,20221231
강원도,춘천시,4211000000,20230119,박물관,5,9438,KC_597_DGT_CLT_STATN_BIZAEA_2022,20221231
강원도,춘천시,4211000000,20230119,미술관,3,2972,KC_597_DGT_CLT_STATN_BIZAEA_2022,20221231
강원도,원주시,4213000000,20230119,문예회관,2,768,KC_597_DGT_CLT_STATN_BIZAEA_2022,20221231
강원도,원주시,4213000000,20230119,공공도서관,2,267,KC_597_DGT_CLT_STATN_BIZAEA_2022,20221231
강원도,원주시,4213000000,20230119,박물관,3,370,KC_597_DGT_CLT_STATN_BIZAEA_2022,20221231
강원도,원주시,4213000000,20230119,미술관,1,2,KC_597_DGT_CLT_STATN_BIZAEA_2022,20221231
강원도,강릉시,4215000000,20230119,문예회관,1,16437,KC_597_DGT_CLT_STATN_BIZAEA_2022,20221231
강원도,강릉시,4215000000,20230119,공공도서관,3,1121,KC_597_DGT_CLT_STATN_BIZAEA_2022,20221231
강원도,강릉시,4215000000,20230119,박물관,11,72,KC_597_DGT_CLT_STATN_BIZAEA_2022,20221231
강원도,강릉시,4215000000,20230119,미술관,1,1950,KC_597_DGT_CLT_STATN_BIZAEA_2022,20221231
강원도,동해시,4217000000,20230119,공공도서관,3,3070,KC_597_DGT_CLT_STATN_BIZAEA_2022,20221231
강원도,동해시,4217000000,20230119,미술관,1,38,KC_597_DGT_CLT_STATN_BIZAEA_2022,20221231
강원도,태백시,4219000000,20230119,공공도서관,3,1655,KC_597_DGT_CLT_STATN_BIZAEA_2022,20221231
강원도,태백시,4219000000,20230119,박물관,2,1571,KC_597_DGT_CLT_STATN_BIZAEA_2022,20221231
강원도,속초시,4221000000,20230119,공공도서관,2,2692,KC_597_DGT_CLT_STATN_BIZAEA_2022,20221231
강원도,속초시,4221000000,20230119,박물관,2,4263,KC_597_DGT_CLT_STATN_BIZAEA_2022,20221231
강원도,속초시,4221000000,20230119,미술관,1,1502,KC_597_DGT_CLT_STATN_BIZAEA_2022,20221231
강원도,삼척시,4223000000,20230119,박물관,3,1930,KC_597_DGT_CLT_STATN_BIZAEA_2022,20221231
강원도,홍천군,4272000000,20230119,공공도서관,2,1808,KC_597_DGT_CLT_STATN_BIZAEA_2022,20221231
강원도,홍천군,4272000000,20230119,박물관,1,118,KC_597_DGT_CLT_STATN_BIZAEA_2022,20221231
강원도,횡성군,4273000000,20230119,공공도서관,3,1012,KC_597_DGT_CLT_STATN_BIZAEA_2022,20221231
강원도,횡성군,4273000000,20230119,박물관,1,260,KC_597_DGT_CLT_STATN_BIZAEA_2022,20221231
강원도,영월군,4275000000,20230119,공공도서관,1,1316,KC_597_DGT_CLT_STATN_BIZAEA_2022,20221231
강원도,영월군,4275000000,20230119,박물관,15,211,KC_597_DGT_CLT_STATN_BIZAEA_2022,20221231
강원도,영월군,4275000000,20230119,미술관,2,176,KC_597_DGT_CLT_STATN_BIZAEA_2022,20221231
강원도,평창군,4276000000,20230119,공공도서관,1,670,KC_597_DGT_CLT_STATN_BIZAEA_2022,20221231
강원도,평창군,4276000000,20230119,박물관,1,440,KC_597_DGT_CLT_STATN_BIZAEA_2022,20221231
강원도,정선군,4277000000,20230119,공공도서관,2,638,KC_597_DGT_CLT_STATN_BIZAEA_2022,20221231
강원도,정선군,4277000000,20230119,박물관,3,427,KC_597_DGT_CLT_STATN_BIZAEA_2022,20221231
강원도,철원군,4278000000,20230119,문예회관,1,684,KC_597_DGT_CLT_STATN_BIZAEA_2022,20221231
강원도,철원군,4278000000,20230119,공공도서관,4,1559,KC_597_DGT_CLT_STATN_BIZAEA_2022,20221231
강원도,화천군,4279000000,20230119,공공도서관,2,970,KC_597_DGT_CLT_STATN_BIZAEA_2022,20221231
강원도,화천군,4279000000,20230119,박물관,1,81,KC_597_DGT_CLT_STATN_BIZAEA_2022,20221231
강원도,양구군,4280000000,20230119,공공도서관,1,957,KC_597_DGT_CLT_STATN_BIZAEA_2022,20221231
강원도,양구군,4280000000,20230119,박물관,4,173,KC_597_DGT_CLT_STATN_BIZAEA_2022,20221231
강원도,양구군,4280000000,20230119,미술관,1,50,KC_597_DGT_CLT_STATN_BIZAEA_2022,20221231
강원도,인제군,4281000000,20230119,공공도서관,2,1741,KC_597_DGT_CLT_STATN_BIZAEA_2022,20221231
강원도,인제군,4281000000,20230119,박물관,4,404,KC_597_DGT_CLT_STATN_BIZAEA_2022,20221231
강원도,인제군,4281000000,20230119,미술관,1,21,KC_597_DGT_CLT_STATN_BIZAEA_2022,20221231
강원도,고성군,4282000000,20230119,공공도서관,3,511,KC_597_DGT_CLT_STATN_BIZAEA_2022,20221231
강원도,고성군,4282000000,20230119,박물관,2,1185,KC_597_DGT_CLT_STATN_BIZAEA_2022,20221231
강원도,고성군,4282000000,20230119,미술관,1,796,KC_597_DGT_CLT_STATN_BIZAEA_2022,20221231
강원도,양양군,4283000000,20230119,공공도서관,1,1125,KC_597_DGT_CLT_STATN_BIZAEA_2022,20221231
충청북도,청주시,4311000000,20230119,공공도서관,12,1990,KC_597_DGT_CLT_STATN_BIZAEA_2022,20221231
충청북도,청주시,4311000000,20230119,박물관,7,6644,KC_597_DGT_CLT_STATN_BIZAEA_2022,20221231
충청북도,청주시 서원구,4311200000,20230119,문예회관,2,12093,KC_597_DGT_CLT_STATN_BIZAEA_2022,20221231
충청북도,청주시 서원구,4311200000,20230119,미술관,1,4196,KC_597_DGT_CLT_STATN_BIZAEA_2022,20221231
충청북도,청주시 흥덕구,4311300000,20230119,미술관,1,196,KC_597_DGT_CLT_STATN_BIZAEA_2022,20221231
충청북도,청주시 청원구,4311400000,20230119,미술관,3,186,KC_597_DGT_CLT_STATN_BIZAEA_2022,20221231
충청북도,충주시,4313000000,20230119,공공도서관,3,6,KC_597_DGT_CLT_STATN_BIZAEA_2022,20221231
충청북도,충주시,4313000000,20230119,박물관,3,2254,KC_597_DGT_CLT_STATN_BIZAEA_2022,20221231
충청북도,충주시,4313000000,20230119,미술관,2,4,KC_597_DGT_CLT_STATN_BIZAEA_2022,20221231
충청북도,제천시,4315000000,20230119,공공도서관,4,164,KC_597_DGT_CLT_STATN_BIZAEA_2022,20221231
충청북도,제천시,4315000000,20230119,박물관,5,2,KC_597_DGT_CLT_STATN_BIZAEA_2022,20221231
충청북도,옥천군,4373000000,20230119,공공도서관,1,2398,KC_597_DGT_CLT_STATN_BIZAEA_2022,20221231
충청북도,영동군,4374000000,20230119,공공도서관,1,172,KC_597_DGT_CLT_STATN_BIZAEA_2022,20221231
충청북도,영동군,4374000000,20230119,박물관,2,174,KC_597_DGT_CLT_STATN_BIZAEA_2022,20221231
충청북도,증평군,4374500000,20230119,공공도서관,1,3784,KC_597_DGT_CLT_STATN_BIZAEA_2022,20221231
충청북도,증평군,4374500000,20230119,박물관,1,2510,KC_597_DGT_CLT_STATN_BIZAEA_2022,20221231
충청북도,진천군,4375000000,20230119,문예회관,1,188,KC_597_DGT_CLT_STATN_BIZAEA_2022,20221231
충청북도,진천군,4375000000,20230119,공공도서관,3,426,KC_597_DGT_CLT_STATN_BIZAEA_2022,20221231
충청북도,진천군,4375000000,20230119,박물관,1,1951,KC_597_DGT_CLT_STATN_BIZAEA_2022,20221231
충청북도,괴산군,4376000000,20230119,박물관,3,30,KC_597_DGT_CLT_STATN_BIZAEA_2022,20221231
충청북도,음성군,4377000000,20230119,공공도서관,1,762,KC_597_DGT_CLT_STATN_BIZAEA_2022,20221231
충청북도,음성군,4377000000,20230119,박물관,2,450,KC_597_DGT_CLT_STATN_BIZAEA_2022,20221231
충청북도,단양군,4380000000,20230119,공공도서관,2,695,KC_597_DGT_CLT_STATN_BIZAEA_2022,20221231
충청북도,단양군,4380000000,20230119,박물관,2,348,KC_597_DGT_CLT_STATN_BIZAEA_2022,20221231
충청남도,천안시,4413000000,20230119,공공도서관,5,5673,KC_597_DGT_CLT_STATN_BIZAEA_2022,20221231
충청남도,천안시,4413000000,20230119,박물관,8,673,KC_597_DGT_CLT_STATN_BIZAEA_2022,20221231
충청남도,천안시 동남구,4413100000,20230119,문예회관,1,22543,KC_597_DGT_CLT_STATN_BIZAEA_2022,20221231
충청남도,천안시 동남구,4413100000,20230119,미술관,1,2130,KC_597_DGT_CLT_STATN_BIZAEA_2022,20221231
충청남도,공주시,4415000000,20230119,박물관,3,13616,KC_597_DGT_CLT_STATN_BIZAEA_2022,20221231
충청남도,공주시,4415000000,20230119,미술관,1,232,KC_597_DGT_CLT_STATN_BIZAEA_2022,20221231
충청남도,보령시,4418000000,20230119,공공도서관,2,2,KC_597_DGT_CLT_STATN_BIZAEA_2022,20221231
충청남도,보령시,4418000000,20230119,박물관,2,1228,KC_597_DGT_CLT_STATN_BIZAEA_2022,20221231
충청남도,보령시,4418000000,20230119,미술관,1,288,KC_597_DGT_CLT_STATN_BIZAEA_2022,20221231
충청남도,아산시,4420000000,20230119,박물관,4,455,KC_597_DGT_CLT_STATN_BIZAEA_2022,20221231
충청남도,아산시,4420000000,20230119,미술관,1,5239,KC_597_DGT_CLT_STATN_BIZAEA_2022,20221231
충청남도,서산시,4421000000,20230119,공공도서관,2,7017,KC_597_DGT_CLT_STATN_BIZAEA_2022,20221231
충청남도,논산시,4423000000,20230119,공공도서관,2,14,KC_597_DGT_CLT_STATN_BIZAEA_2022,20221231
충청남도,논산시,4423000000,20230119,박물관,1,2208,KC_597_DGT_CLT_STATN_BIZAEA_2022,20221231
충청남도,계룡시,4425000000,20230119,문예회관,1,1890,KC_597_DGT_CLT_STATN_BIZAEA_2022,20221231
충청남도,계룡시,4425000000,20230119,공공도서관,2,5120,KC_597_DGT_CLT_STATN_BIZAEA_2022,20221231
충청남도,당진시,4427000000,20230119,문예회관,1,7165,KC_597_DGT_CLT_STATN_BIZAEA_2022,20221231
충청남도,당진시,4427000000,20230119,공공도서관,3,1816,KC_597_DGT_CLT_STATN_BIZAEA_2022,20221231
충청남도,당진시,4427000000,20230119,박물관,3,332,KC_597_DGT_CLT_STATN_BIZAEA_2022,20221231
충청남도,당진시,4427000000,20230119,미술관,1,7603,KC_597_DGT_CLT_STATN_BIZAEA_2022,20221231
충청남도,금산군,4471000000,20230119,문예회관,1,754,KC_597_DGT_CLT_STATN_BIZAEA_2022,20221231
충청남도,금산군,4471000000,20230119,공공도서관,4,332,KC_597_DGT_CLT_STATN_BIZAEA_2022,20221231
충청남도,금산군,4471000000,20230119,박물관,3,63,KC_597_DGT_CLT_STATN_BIZAEA_2022,20221231
충청남도,부여군,4476000000,20230119,문예회관,1,6,KC_597_DGT_CLT_STATN_BIZAEA_2022,20221231
충청남도,부여군,4476000000,20230119,공공도서관,1,151,KC_597_DGT_CLT_STATN_BIZAEA_2022,20221231
충청남도,부여군,4476000000,20230119,박물관,2,17501,KC_597_DGT_CLT_STATN_BIZAEA_2022,20221231
충청남도,서천군,4477000000,20230119,문예회관,1,267,KC_597_DGT_CLT_STATN_BIZAEA_2022,20221231
충청남도,서천군,4477000000,20230119,공공도서관,1,239,KC_597_DGT_CLT_STATN_BIZAEA_2022,20221231
충청남도,청양군,4479000000,20230119,공공도서관,1,189,KC_597_DGT_CLT_STATN_BIZAEA_2022,20221231
충청남도,홍성군,4480000000,20230119,공공도서관,1,340,KC_597_DGT_CLT_STATN_BIZAEA_2022,20221231
충청남도,홍성군,4480000000,20230119,박물관,2,12,KC_597_DGT_CLT_STATN_BIZAEA_2022,20221231
충청남도,예산군,4481000000,20230119,공공도서관,1,3161,KC_597_DGT_CLT_STATN_BIZAEA_2022,20221231
충청남도,예산군,4481000000,20230119,박물관,4,1861,KC_597_DGT_CLT_STATN_BIZAEA_2022,20221231
충청남도,태안군,4482500000,20230119,공공도서관,1,309,KC_597_DGT_CLT_STATN_BIZAEA_2022,20221231
충청남도,태안군,4482500000,20230119,박물관,3,815,KC_597_DGT_CLT_STATN_BIZAEA_2022,20221231
전라북도,전주시,4511000000,20230119,공공도서관,11,2788,KC_597_DGT_CLT_STATN_BIZAEA_2022,20221231
전라북도,전주시,4511000000,20230119,박물관,5,11990,KC_597_DGT_CLT_STATN_BIZAEA_2022,20221231
전라북도,전주시 완산구,4511100000,20230119,박물관,1,42,KC_597_DGT_CLT_STATN_BIZAEA_2022,20221231
전라북도,전주시 완산구,4511100000,20230119,미술관,3,917,KC_597_DGT_CLT_STATN_BIZAEA_2022,20221231
전라북도,전주시 덕진구,4511300000,20230119,박물관,2,1456,KC_597_DGT_CLT_STATN_BIZAEA_2022,20221231
전라북도,군산시,4513000000,20230119,문예회관,1,7523,KC_597_DGT_CLT_STATN_BIZAEA_2022,20221231
전라북도,군산시,4513000000,20230119,공공도서관,4,19187,KC_597_DGT_CLT_STATN_BIZAEA_2022,20221231
전라북도,군산시,4513000000,20230119,박물관,2,9119,KC_597_DGT_CLT_STATN_BIZAEA_2022,20221231
전라북도,군산시,4513000000,20230119,미술관,2,22,KC_597_DGT_CLT_STATN_BIZAEA_2022,20221231
전라북도,익산시,4514000000,20230119,문예회관,1,6504,KC_597_DGT_CLT_STATN_BIZAEA_2022,20221231
전라북도,익산시,4514000000,20230119,공공도서관,3,24145,KC_597_DGT_CLT_STATN_BIZAEA_2022,20221231
전라북도,익산시,4514000000,20230119,박물관,5,2,KC_597_DGT_CLT_STATN_BIZAEA_2022,20221231
전라북도,익산시,4514000000,20230119,미술관,1,55,KC_597_DGT_CLT_STATN_BIZAEA_2022,20221231
전라북도,정읍시,4518000000,20230119,문예회관,1,313,KC_597_DGT_CLT_STATN_BIZAEA_2022,20221231
전라북도,정읍시,4518000000,20230119,공공도서관,3,121,KC_597_DGT_CLT_STATN_BIZAEA_2022,20221231
전라북도,정읍시,4518000000,20230119,박물관,2,724,KC_597_DGT_CLT_STATN_BIZAEA_2022,20221231
전라북도,정읍시,4518000000,20230119,미술관,1,1299,KC_597_DGT_CLT_STATN_BIZAEA_2022,20221231
전라북도,남원시,4519000000,20230119,공공도서관,1,2031,KC_597_DGT_CLT_STATN_BIZAEA_2022,20221231
전라북도,남원시,4519000000,20230119,박물관,1,147,KC_597_DGT_CLT_STATN_BIZAEA_2022,20221231
전라북도,남원시,4519000000,20230119,미술관,1,708,KC_597_DGT_CLT_STATN_BIZAEA_2022,20221231
전라북도,김제시,4521000000,20230119,공공도서관,2,3682,KC_597_DGT_CLT_STATN_BIZAEA_2022,20221231
전라북도,김제시,4521000000,20230119,박물관,2,6,KC_597_DGT_CLT_STATN_BIZAEA_2022,20221231
전라북도,김제시,4521000000,20230119,미술관,1,2,KC_597_DGT_CLT_STATN_BIZAEA_2022,20221231
전라북도,완주군,4571000000,20230119,공공도서관,4,403,KC_597_DGT_CLT_STATN_BIZAEA_2022,20221231
전라북도,완주군,4571000000,20230119,박물관,1,656,KC_597_DGT_CLT_STATN_BIZAEA_2022,20221231
전라북도,완주군,4571000000,20230119,미술관,1,56,KC_597_DGT_CLT_STATN_BIZAEA_2022,20221231
전라북도,진안군,4572000000,20230119,박물관,2,355,KC_597_DGT_CLT_STATN_BIZAEA_2022,20221231
전라북도,무주군,4573000000,20230119,박물관,2,412,KC_597_DGT_CLT_STATN_BIZAEA_2022,20221231
전라북도,무주군,4573000000,20230119,미술관,1,207,KC_597_DGT_CLT_STATN_BIZAEA_2022,20221231
전라북도,장수군,4574000000,20230119,문예회관,1,269,KC_597_DGT_CLT_STATN_BIZAEA_2022,20221231
전라북도,장수군,4574000000,20230119,공공도서관,1,689,KC_597_DGT_CLT_STATN_BIZAEA_2022,20221231
전라북도,임실군,4575000000,20230119,공공도서관,1,1859,KC_597_DGT_CLT_STATN_BIZAEA_2022,20221231
전라북도,순창군,4577000000,20230119,공공도서관,1,805,KC_597_DGT_CLT_STATN_BIZAEA_2022,20221231
전라북도,순창군,4577000000,20230119,박물관,2,186,KC_597_DGT_CLT_STATN_BIZAEA_2022,20221231
전라북도,고창군,4579000000,20230119,문예회관,1,326,KC_597_DGT_CLT_STATN_BIZAEA_2022,20221231
전라북도,고창군,4579000000,20230119,공공도서관,2,991,KC_597_DGT_CLT_STATN_BIZAEA_2022,20221231
전라북도,고창군,4579000000,20230119,박물관,2,3661,KC_597_DGT_CLT_STATN_BIZAEA_2022,20221231
전라북도,부안군,4580000000,20230119,공공도서관,1,866,KC_597_DGT_CLT_STATN_BIZAEA_2022,20221231
전라북도,부안군,4580000000,20230119,박물관,1,2283,KC_597_DGT_CLT_STATN_BIZAEA_2022,20221231
전라북도,부안군,4580000000,20230119,미술관,2,66,KC_597_DGT_CLT_STATN_BIZAEA_2022,20221231
전라남도,목포시,4611000000,20230119,공공도서관,4,11010,KC_597_DGT_CLT_STATN_BIZAEA_2022,20221231
전라남도,목포시,4611000000,20230119,박물관,3,2066,KC_597_DGT_CLT_STATN_BIZAEA_2022,20221231
전라남도,목포시,4611000000,20230119,미술관,2,8,KC_597_DGT_CLT_STATN_BIZAEA_2022,20221231
전라남도,여수시,4613000000,20230119,공공도서관,6,112,KC_597_DGT_CLT_STATN_BIZAEA_2022,20221231
전라남도,여수시,4613000000,20230119,박물관,1,186,KC_597_DGT_CLT_STATN_BIZAEA_2022,20221231
전라남도,순천시,4615000000,20230119,공공도서관,6,1880,KC_597_DGT_CLT_STATN_BIZAEA_2022,20221231
전라남도,순천시,4615000000,20230119,박물관,2,105,KC_597_DGT_CLT_STATN_BIZAEA_2022,20221231
전라남도,순천시,4615000000,20230119,미술관,1,122,KC_597_DGT_CLT_STATN_BIZAEA_2022,20221231
전라남도,나주시,4617000000,20230119,공공도서관,4,8459,KC_597_DGT_CLT_STATN_BIZAEA_2022,20221231
전라남도,나주시,4617000000,20230119,박물관,3,6315,KC_597_DGT_CLT_STATN_BIZAEA_2022,20221231
전라남도,광양시,4623000000,20230119,공공도서관,4,3211,KC_597_DGT_CLT_STATN_BIZAEA_2022,20221231
전라남도,담양군,4671000000,20230119,공공도서관,1,2230,KC_597_DGT_CLT_STATN_BIZAEA_2022,20221231
전라남도,담양군,4671000000,20230119,박물관,3,427,KC_597_DGT_CLT_STATN_BIZAEA_2022,20221231
전라남도,담양군,4671000000,20230119,미술관,1,193,KC_597_DGT_CLT_STATN_BIZAEA_2022,20221231
전라남도,곡성군,4672000000,20230119,공공도서관,1,122,KC_597_DGT_CLT_STATN_BIZAEA_2022,20221231
전라남도,구례군,4673000000,20230119,공공도서관,2,1346,KC_597_DGT_CLT_STATN_BIZAEA_2022,20221231
전라남도,구례군,4673000000,20230119,박물관,2,280,KC_597_DGT_CLT_STATN_BIZAEA_2022,20221231
전라남도,고흥군,4677000000,20230119,공공도서관,2,341,KC_597_DGT_CLT_STATN_BIZAEA_2022,20221231
전라남도,고흥군,4677000000,20230119,미술관,2,402,KC_597_DGT_CLT_STATN_BIZAEA_2022,20221231
전라남도,보성군,4678000000,20230119,공공도서관,2,723,KC_597_DGT_CLT_STATN_BIZAEA_2022,20221231
전라남도,보성군,4678000000,20230119,박물관,2,614,KC_597_DGT_CLT_STATN_BIZAEA_2022,20221231
전라남도,보성군,4678000000,20230119,미술관,1,122,KC_597_DGT_CLT_STATN_BIZAEA_2022,20221231
전라남도,화순군,4679000000,20230119,공공도서관,2,1812,KC_597_DGT_CLT_STATN_BIZAEA_2022,20221231
전라남도,화순군,4679000000,20230119,박물관,1,14,KC_597_DGT_CLT_STATN_BIZAEA_2022,20221231
전라남도,화순군,4679000000,20230119,미술관,2,272,KC_597_DGT_CLT_STATN_BIZAEA_2022,20221231
전라남도,장흥군,4680000000,20230119,공공도서관,2,697,KC_597_DGT_CLT_STATN_BIZAEA_2022,20221231
전라남도,장흥군,4680000000,20230119,박물관,2,724,KC_597_DGT_CLT_STATN_BIZAEA_2022,20221231
전라남도,강진군,4681000000,20230119,문예회관,1,489,KC_597_DGT_CLT_STATN_BIZAEA_2022,20221231
전라남도,강진군,4681000000,20230119,공공도서관,1,593,KC_597_DGT_CLT_STATN_BIZAEA_2022,20221231
전라남도,강진군,4681000000,20230119,박물관,3,845,KC_597_DGT_CLT_STATN_BIZAEA_2022,20221231
전라남도,해남군,4682000000,20230119,공공도서관,2,748,KC_597_DGT_CLT_STATN_BIZAEA_2022,20221231
전라남도,해남군,4682000000,20230119,박물관,4,58,KC_597_DGT_CLT_STATN_BIZAEA_2022,20221231
전라남도,해남군,4682000000,20230119,미술관,1,2,KC_597_DGT_CLT_STATN_BIZAEA_2022,20221231
전라남도,영암군,4683000000,20230119,공공도서관,3,379,KC_597_DGT_CLT_STATN_BIZAEA_2022,20221231
전라남도,영암군,4683000000,20230119,박물관,1,344,KC_597_DGT_CLT_STATN_BIZAEA_2022,20221231
전라남도,영암군,4683000000,20230119,미술관,3,52,KC_597_DGT_CLT_STATN_BIZAEA_2022,20221231
전라남도,무안군,4684000000,20230119,공공도서관,3,1944,KC_597_DGT_CLT_STATN_BIZAEA_2022,20221231
전라남도,무안군,4684000000,20230119,박물관,1,124,KC_597_DGT_CLT_STATN_BIZAEA_2022,20221231
전라남도,무안군,4684000000,20230119,미술관,1,472,KC_597_DGT_CLT_STATN_BIZAEA_2022,20221231
전라남도,함평군,4686000000,20230119,공공도서관,2,400,KC_597_DGT_CLT_STATN_BIZAEA_2022,20221231
전라남도,함평군,4686000000,20230119,미술관,2,288,KC_597_DGT_CLT_STATN_BIZAEA_2022,20221231
전라남도,영광군,4687000000,20230119,문예회관,1,684,KC_597_DGT_CLT_STATN_BIZAEA_2022,20221231
전라남도,영광군,4687000000,20230119,공공도서관,2,2083,KC_597_DGT_CLT_STATN_BIZAEA_2022,20221231
전라남도,장성군,4688000000,20230119,공공도서관,3,2130,KC_597_DGT_CLT_STATN_BIZAEA_2022,20221231
전라남도,완도군,4689000000,20230119,공공도서관,1,356,KC_597_DGT_CLT_STATN_BIZAEA_2022,20221231
전라남도,진도군,4690000000,20230119,공공도서관,2,513,KC_597_DGT_CLT_STATN_BIZAEA_2022,20221231
전라남도,진도군,4690000000,20230119,박물관,1,40,KC_597_DGT_CLT_STATN_BIZAEA_2022,20221231
전라남도,진도군,4690000000,20230119,미술관,2,78,KC_597_DGT_CLT_STATN_BIZAEA_2022,20221231
전라남도,신안군,4691000000,20230119,공공도서관,1,13,KC_597_DGT_CLT_STATN_BIZAEA_2022,20221231
전라남도,신안군,4691000000,20230119,박물관,1,6,KC_597_DGT_CLT_STATN_BIZAEA_2022,20221231
경상북도,포항시,4711000000,20230119,공공도서관,7,1318,KC_597_DGT_CLT_STATN_BIZAEA_2022,20221231
경상북도,포항시,4711000000,20230119,박물관,4,1358,KC_597_DGT_CLT_STATN_BIZAEA_2022,20221231
경상북도,포항시 북구,4711300000,20230119,미술관,1,6384,KC_597_DGT_CLT_STATN_BIZAEA_2022,20221231
경상북도,경주시,4713000000,20230119,문예회관,1,14734,KC_597_DGT_CLT_STATN_BIZAEA_2022,20221231
경상북도,경주시,4713000000,20230119,공공도서관,7,194,KC_597_DGT_CLT_STATN_BIZAEA_2022,20221231
경상북도,경주시,4713000000,20230119,박물관,2,46554,KC_597_DGT_CLT_STATN_BIZAEA_2022,20221231
경상북도,경주시,4713000000,20230119,미술관,2,9784,KC_597_DGT_CLT_STATN_BIZAEA_2022,20221231
경상북도,김천시,4715000000,20230119,공공도서관,1,6486,KC_597_DGT_CLT_STATN_BIZAEA_2022,20221231
경상북도,김천시,4715000000,20230119,박물관,1,4,KC_597_DGT_CLT_STATN_BIZAEA_2022,20221231
경상북도,김천시,4715000000,20230119,미술관,1,250,KC_597_DGT_CLT_STATN_BIZAEA_2022,20221231
경상북도,안동시,4717000000,20230119,문예회관,1,2936,KC_597_DGT_CLT_STATN_BIZAEA_2022,20221231
경상북도,안동시,4717000000,20230119,공공도서관,3,4465,KC_597_DGT_CLT_STATN_BIZAEA_2022,20221231
경상북도,안동시,4717000000,20230119,박물관,8,99,KC_597_DGT_CLT_STATN_BIZAEA_2022,20221231
경상북도,구미시,4719000000,20230119,공공도서관,5,12465,KC_597_DGT_CLT_STATN_BIZAEA_2022,20221231
경상북도,영주시,4721000000,20230119,공공도서관,3,5845,KC_597_DGT_CLT_STATN_BIZAEA_2022,20221231
경상북도,영주시,4721000000,20230119,박물관,2,210,KC_597_DGT_CLT_STATN_BIZAEA_2022,20221231
경상북도,영천시,4723000000,20230119,공공도서관,2,7862,KC_597_DGT_CLT_STATN_BIZAEA_2022,20221231
경상북도,영천시,4723000000,20230119,박물관,1,2,KC_597_DGT_CLT_STATN_BIZAEA_2022,20221231
경상북도,영천시,4723000000,20230119,미술관,1,1055,KC_597_DGT_CLT_STATN_BIZAEA_2022,20221231
경상북도,상주시,4725000000,20230119,공공도서관,2,5681,KC_597_DGT_CLT_STATN_BIZAEA_2022,20221231
경상북도,상주시,4725000000,20230119,박물관,4,11443,KC_597_DGT_CLT_STATN_BIZAEA_2022,20221231
경상북도,문경시,4728000000,20230119,공공도서관,4,969,KC_597_DGT_CLT_STATN_BIZAEA_2022,20221231
경상북도,문경시,4728000000,20230119,박물관,6,1042,KC_597_DGT_CLT_STATN_BIZAEA_2022,20221231
경상북도,경산시,4729000000,20230119,공공도서관,2,3236,KC_597_DGT_CLT_STATN_BIZAEA_2022,20221231
경상북도,경산시,4729000000,20230119,박물관,4,1930,KC_597_DGT_CLT_STATN_BIZAEA_2022,20221231
경상북도,군위군,4772000000,20230119,공공도서관,1,446,KC_597_DGT_CLT_STATN_BIZAEA_2022,20221231
경상북도,의성군,4773000000,20230119,공공도서관,2,1609,KC_597_DGT_CLT_STATN_BIZAEA_2022,20221231
경상북도,의성군,4773000000,20230119,박물관,1,3008,KC_597_DGT_CLT_STATN_BIZAEA_2022,20221231
경상북도,청송군,4775000000,20230119,공공도서관,2,96,KC_597_DGT_CLT_STATN_BIZAEA_2022,20221231
경상북도,청송군,4775000000,20230119,박물관,1,118,KC_597_DGT_CLT_STATN_BIZAEA_2022,20221231
경상북도,청송군,4775000000,20230119,미술관,1,346,KC_597_DGT_CLT_STATN_BIZAEA_2022,20221231
경상북도,영양군,4776000000,20230119,공공도서관,1,479,KC_597_DGT_CLT_STATN_BIZAEA_2022,20221231
경상북도,영양군,4776000000,20230119,박물관,1,121,KC_597_DGT_CLT_STATN_BIZAEA_2022,20221231
경상북도,영덕군,4777000000,20230119,공공도서관,1,1330,KC_597_DGT_CLT_STATN_BIZAEA_2022,20221231
경상북도,청도군,4782000000,20230119,공공도서관,2,1816,KC_597_DGT_CLT_STATN_BIZAEA_2022,20221231
경상북도,청도군,4782000000,20230119,박물관,1,1986,KC_597_DGT_CLT_STATN_BIZAEA_2022,20221231
경상북도,청도군,4782000000,20230119,미술관,1,95,KC_597_DGT_CLT_STATN_BIZAEA_2022,20221231
경상북도,고령군,4783000000,20230119,공공도서관,1,839,KC_597_DGT_CLT_STATN_BIZAEA_2022,20221231
경상북도,고령군,4783000000,20230119,박물관,2,1740,KC_597_DGT_CLT_STATN_BIZAEA_2022,20221231
경상북도,성주군,4784000000,20230119,공공도서관,1,1352,KC_597_DGT_CLT_STATN_BIZAEA_2022,20221231
경상북도,칠곡군,4785000000,20230119,공공도서관,4,1836,KC_597_DGT_CLT_STATN_BIZAEA_2022,20221231
경상북도,칠곡군,4785000000,20230119,박물관,1,5470,KC_597_DGT_CLT_STATN_BIZAEA_2022,20221231
경상북도,예천군,4790000000,20230119,공공도서관,1,1410,KC_597_DGT_CLT_STATN_BIZAEA_2022,20221231
경상북도,예천군,4790000000,20230119,박물관,1,2320,KC_597_DGT_CLT_STATN_BIZAEA_2022,20221231
경상북도,예천군,4790000000,20230119,미술관,1,499,KC_597_DGT_CLT_STATN_BIZAEA_2022,20221231
경상북도,봉화군,4792000000,20230119,공공도서관,1,18,KC_597_DGT_CLT_STATN_BIZAEA_2022,20221231
경상북도,봉화군,4792000000,20230119,박물관,1,237,KC_597_DGT_CLT_STATN_BIZAEA_2022,20221231
경상북도,울진군,4793000000,20230119,공공도서관,3,1121,KC_597_DGT_CLT_STATN_BIZAEA_2022,20221231
경상북도,울진군,4793000000,20230119,미술관,1,23,KC_597_DGT_CLT_STATN_BIZAEA_2022,20221231
경상북도,울릉군,4794000000,20230119,공공도서관,1,279,KC_597_DGT_CLT_STATN_BIZAEA_2022,20221231
경상북도,울릉군,4794000000,20230119,박물관,1,2052,KC_597_DGT_CLT_STATN_BIZAEA_2022,20221231
경상남도,창원시,4812000000,20230119,공공도서관,12,2471,KC_597_DGT_CLT_STATN_BIZAEA_2022,20221231
경상남도,창원시,4812000000,20230119,박물관,4,533,KC_597_DGT_CLT_STATN_BIZAEA_2022,20221231
경상남도,창원시 의창구,4812100000,20230119,미술관,2,9336,KC_597_DGT_CLT_STATN_BIZAEA_2022,20221231
경상남도,창원시 성산구,4812300000,20230119,문예회관,1,5307,KC_597_DGT_CLT_STATN_BIZAEA_2022,20221231
경상남도,창원시 마산합포구,4812500000,20230119,박물관,1,73,KC_597_DGT_CLT_STATN_BIZAEA_2022,20221231
경상남도,창원시 마산합포구,4812500000,20230119,미술관,1,404,KC_597_DGT_CLT_STATN_BIZAEA_2022,20221231
경상남도,진주시,4817000000,20230119,공공도서관,3,32,KC_597_DGT_CLT_STATN_BIZAEA_2022,20221231
경상남도,진주시,4817000000,20230119,박물관,4,5051,KC_597_DGT_CLT_STATN_BIZAEA_2022,20221231
경상남도,통영시,4822000000,20230119,문예회관,1,6959,KC_597_DGT_CLT_STATN_BIZAEA_2022,20221231
경상남도,통영시,4822000000,20230119,공공도서관,3,3474,KC_597_DGT_CLT_STATN_BIZAEA_2022,20221231
경상남도,통영시,4822000000,20230119,박물관,1,1166,KC_597_DGT_CLT_STATN_BIZAEA_2022,20221231
경상남도,통영시,4822000000,20230119,미술관,2,2588,KC_597_DGT_CLT_STATN_BIZAEA_2022,20221231
경상남도,사천시,4824000000,20230119,박물관,1,6732,KC_597_DGT_CLT_STATN_BIZAEA_2022,20221231
경상남도,사천시,4824000000,20230119,미술관,1,66,KC_597_DGT_CLT_STATN_BIZAEA_2022,20221231
경상남도,김해시,4825000000,20230119,문예회관,1,10880,KC_597_DGT_CLT_STATN_BIZAEA_2022,20221231
경상남도,김해시,4825000000,20230119,공공도서관,5,1716,KC_597_DGT_CLT_STATN_BIZAEA_2022,20221231
경상남도,김해시,4825000000,20230119,박물관,3,7236,KC_597_DGT_CLT_STATN_BIZAEA_2022,20221231
경상남도,김해시,4825000000,20230119,미술관,1,815,KC_597_DGT_CLT_STATN_BIZAEA_2022,20221231
경상남도,밀양시,4827000000,20230119,문예회관,1,1767,KC_597_DGT_CLT_STATN_BIZAEA_2022,20221231
경상남도,밀양시,4827000000,20230119,공공도서관,2,4577,KC_597_DGT_CLT_STATN_BIZAEA_2022,20221231
경상남도,밀양시,4827000000,20230119,박물관,4,1038,KC_597_DGT_CLT_STATN_BIZAEA_2022,20221231
경상남도,거제시,4831000000,20230119,공공도서관,5,1130,KC_597_DGT_CLT_STATN_BIZAEA_2022,20221231
경상남도,거제시,4831000000,20230119,박물관,5,527,KC_597_DGT_CLT_STATN_BIZAEA_2022,20221231
경상남도,양산시,4833000000,20230119,박물관,2,2868,KC_597_DGT_CLT_STATN_BIZAEA_2022,20221231
경상남도,의령군,4872000000,20230119,박물관,1,583,KC_597_DGT_CLT_STATN_BIZAEA_2022,20221231
경상남도,함안군,4873000000,20230119,공공도서관,1,524,KC_597_DGT_CLT_STATN_BIZAEA_2022,20221231
경상남도,함안군,4873000000,20230119,박물관,1,2301,KC_597_DGT_CLT_STATN_BIZAEA_2022,20221231
경상남도,창녕군,4874000000,20230119,공공도서관,1,4,KC_597_DGT_CLT_STATN_BIZAEA_2022,20221231
경상남도,창녕군,4874000000,20230119,박물관,2,265,KC_597_DGT_CLT_STATN_BIZAEA_2022,20221231
경상남도,고성군,4882000000,20230119,공공도서관,1,26,KC_597_DGT_CLT_STATN_BIZAEA_2022,20221231
경상남도,고성군,4882000000,20230119,박물관,6,33944,KC_597_DGT_CLT_STATN_BIZAEA_2022,20221231
경상남도,남해군,4884000000,20230119,공공도서관,1,573,KC_597_DGT_CLT_STATN_BIZAEA_2022,20221231
경상남도,남해군,4884000000,20230119,박물관,1,1310,KC_597_DGT_CLT_STATN_BIZAEA_2022,20221231
경상남도,하동군,4885000000,20230119,박물관,2,98,KC_597_DGT_CLT_STATN_BIZAEA_2022,20221231
경상남도,산청군,4886000000,20230119,박물관,5,49,KC_597_DGT_CLT_STATN_BIZAEA_2022,20221231
경상남도,함양군,4887000000,20230119,박물관,1,355,KC_597_DGT_CLT_STATN_BIZAEA_2022,20221231
경상남도,거창군,4888000000,20230119,공공도서관,1,387,KC_597_DGT_CLT_STATN_BIZAEA_2022,20221231
경상남도,거창군,4888000000,20230119,박물관,1,1457,KC_597_DGT_CLT_STATN_BIZAEA_2022,20221231
경상남도,합천군,4889000000,20230119,박물관,3,993,KC_597_DGT_CLT_STATN_BIZAEA_2022,20221231
제주특별자치도,제주시,5011000000,20230119,문예회관,1,15805,KC_597_DGT_CLT_STATN_BIZAEA_2022,20221231
제주특별자치도,제주시,5011000000,20230119,공공도서관,10,1114,KC_597_DGT_CLT_STATN_BIZAEA_2022,20221231
제주특별자치도,제주시,5011000000,20230119,박물관,5,22836,KC_597_DGT_CLT_STATN_BIZAEA_2022,20221231
제주특별자치도,제주시,5011000000,20230119,박물관,2,4282,KC_597_DGT_CLT_STATN_BIZAEA_2022,20221231
제주특별자치도,제주시,5011000000,20230119,미술관,2,13314,KC_597_DGT_CLT_STATN_BIZAEA_2022,20221231
제주특별자치도,서귀포시,5013000000,20230119,문예회관,1,5836,KC_597_DGT_CLT_STATN_BIZAEA_2022,20221231
제주특별자치도,서귀포시,5013000000,20230119,공공도서관,10,1694,KC_597_DGT_CLT_STATN_BIZAEA_2022,20221231
제주특별자치도,서귀포시,5013000000,20230119,박물관,14,4092,KC_597_DGT_CLT_STATN_BIZAEA_2022,20221231
제주특별자치도,서귀포시,5013000000,20230119,미술관,4,340,KC_597_DGT_CLT_STATN_BIZAEA_2022,20221231
